descriptor,n_missing,n_total,missing_pct
SM1_Dt,6112,6112,100.0
Mor13m,6112,6112,100.0
Mor21m,6112,6112,100.0
Mor20m,6112,6112,100.0
Mor19m,6112,6112,100.0
Mor18m,6112,6112,100.0
Mor17m,6112,6112,100.0
Mor16m,6112,6112,100.0
Mor15m,6112,6112,100.0
Mor14m,6112,6112,100.0
Mor12m,6112,6112,100.0
MINsSnH3,6112,6112,100.0
Mor11m,6112,6112,100.0
Mor10m,6112,6112,100.0
Mor09m,6112,6112,100.0
Mor08m,6112,6112,100.0
Mor07m,6112,6112,100.0
Mor06m,6112,6112,100.0
Mor05m,6112,6112,100.0
Mor04m,6112,6112,100.0
Mor22m,6112,6112,100.0
Mor23m,6112,6112,100.0
Mor24m,6112,6112,100.0
Mor25m,6112,6112,100.0
Mor10v,6112,6112,100.0
Mor09v,6112,6112,100.0
Mor08v,6112,6112,100.0
Mor07v,6112,6112,100.0
Mor06v,6112,6112,100.0
Mor05v,6112,6112,100.0
Mor04v,6112,6112,100.0
Mor03v,6112,6112,100.0
Mor02v,6112,6112,100.0
Mor01v,6112,6112,100.0
Mor32m,6112,6112,100.0
Mor31m,6112,6112,100.0
Mor30m,6112,6112,100.0
Mor29m,6112,6112,100.0
Mor28m,6112,6112,100.0
Mor27m,6112,6112,100.0
Mor26m,6112,6112,100.0
Mor03m,6112,6112,100.0
Mor02m,6112,6112,100.0
Mor01m,6112,6112,100.0
Mor10se,6112,6112,100.0
Mor11,6112,6112,100.0
Mor10,6112,6112,100.0
Mor09,6112,6112,100.0
Mor08,6112,6112,100.0
Mor07,6112,6112,100.0
Mor06,6112,6112,100.0
Mor05,6112,6112,100.0
Mor04,6112,6112,100.0
Mor03,6112,6112,100.0
Mor02,6112,6112,100.0
Mor01,6112,6112,100.0
MINssssPb,6112,6112,100.0
MINsssPbH,6112,6112,100.0
MINssPbH2,6112,6112,100.0
MINsPbH3,6112,6112,100.0
MINssssSn,6112,6112,100.0
MINsssSnH,6112,6112,100.0
Mor12,6112,6112,100.0
Mor13,6112,6112,100.0
Mor32,6112,6112,100.0
Mor14,6112,6112,100.0
Mor31,6112,6112,100.0
Mor30,6112,6112,100.0
Mor29,6112,6112,100.0
Mor28,6112,6112,100.0
Mor27,6112,6112,100.0
Mor26,6112,6112,100.0
Mor25,6112,6112,100.0
Mor24,6112,6112,100.0
Mor23,6112,6112,100.0
Mor22,6112,6112,100.0
Mor21,6112,6112,100.0
Mor20,6112,6112,100.0
Mor19,6112,6112,100.0
Mor18,6112,6112,100.0
Mor17,6112,6112,100.0
Mor16,6112,6112,100.0
Mor15,6112,6112,100.0
Mor11v,6112,6112,100.0
Mor12v,6112,6112,100.0
Mor13v,6112,6112,100.0
Mor27se,6112,6112,100.0
Mor29se,6112,6112,100.0
Mor30se,6112,6112,100.0
Mor31se,6112,6112,100.0
Mor32se,6112,6112,100.0
Mor05se,6112,6112,100.0
Mor04se,6112,6112,100.0
Mor01p,6112,6112,100.0
Mor02p,6112,6112,100.0
Mor03p,6112,6112,100.0
Mor04p,6112,6112,100.0
Mor05p,6112,6112,100.0
Mor06p,6112,6112,100.0
Mor03se,6112,6112,100.0
Mor07p,6112,6112,100.0
Mor08p,6112,6112,100.0
Mor09p,6112,6112,100.0
Mor10p,6112,6112,100.0
Mor28se,6112,6112,100.0
Mor06se,6112,6112,100.0
Mor12p,6112,6112,100.0
Mor07se,6112,6112,100.0
Mor12se,6112,6112,100.0
Mor13se,6112,6112,100.0
Mor14se,6112,6112,100.0
Mor09se,6112,6112,100.0
Mor15se,6112,6112,100.0
Mor16se,6112,6112,100.0
Mor17se,6112,6112,100.0
Mor18se,6112,6112,100.0
Mor19se,6112,6112,100.0
Mor20se,6112,6112,100.0
Mor08se,6112,6112,100.0
Mor21se,6112,6112,100.0
Mor22se,6112,6112,100.0
Mor23se,6112,6112,100.0
Mor24se,6112,6112,100.0
Mor25se,6112,6112,100.0
Mor26se,6112,6112,100.0
Mor11p,6112,6112,100.0
Mor02se,6112,6112,100.0
Mor14v,6112,6112,100.0
Mor29p,6112,6112,100.0
Mor29v,6112,6112,100.0
Mor31p,6112,6112,100.0
Mor32p,6112,6112,100.0
Mor28v,6112,6112,100.0
Mor27v,6112,6112,100.0
Mor26v,6112,6112,100.0
Mor25v,6112,6112,100.0
Mor24v,6112,6112,100.0
Mor23v,6112,6112,100.0
Mor22v,6112,6112,100.0
Mor21v,6112,6112,100.0
Mor20v,6112,6112,100.0
Mor19v,6112,6112,100.0
Mor18v,6112,6112,100.0
Mor17v,6112,6112,100.0
Mor16v,6112,6112,100.0
Mor15v,6112,6112,100.0
Mor30p,6112,6112,100.0
Mor28p,6112,6112,100.0
Mor13p,6112,6112,100.0
Mor27p,6112,6112,100.0
Mor14p,6112,6112,100.0
Mor15p,6112,6112,100.0
Mor16p,6112,6112,100.0
Mor17p,6112,6112,100.0
Mor18p,6112,6112,100.0
Mor01se,6112,6112,100.0
Mor32v,6112,6112,100.0
Mor19p,6112,6112,100.0
Mor20p,6112,6112,100.0
Mor21p,6112,6112,100.0
Mor22p,6112,6112,100.0
Mor23p,6112,6112,100.0
Mor24p,6112,6112,100.0
Mor31v,6112,6112,100.0
Mor30v,6112,6112,100.0
Mor25p,6112,6112,100.0
Mor26p,6112,6112,100.0
MINssSnH2,6112,6112,100.0
Mor11se,6112,6112,100.0
MAXsssPbH,6112,6112,100.0
MINssSiH2,6112,6112,100.0
VE1_Dt,6112,6112,100.0
MAXssssGe,6112,6112,100.0
MINssssSi,6112,6112,100.0
MINsPH2,6112,6112,100.0
MINssPH,6112,6112,100.0
MAXsssGeH,6112,6112,100.0
MINsssP,6112,6112,100.0
MAXssBH,6112,6112,100.0
VE2_Dt,6112,6112,100.0
MAXssGeH2,6112,6112,100.0
MAXssBe,6112,6112,100.0
MINsssssP,6112,6112,100.0
MAXsssSnH,6112,6112,100.0
MAXssssPb,6112,6112,100.0
MAXsGeH3,6112,6112,100.0
SpMAD_Dt,6112,6112,100.0
MINssssBe,6112,6112,100.0
MINsssSiH,6112,6112,100.0
MAXssSnH2,6112,6112,100.0
MAXssssSn,6112,6112,100.0
MAXsAsH2,6112,6112,100.0
MINsLi,6112,6112,100.0
MINsssNH,6112,6112,100.0
MAXddssSe,6112,6112,100.0
MAXdssSe,6112,6112,100.0
MAXaaSe,6112,6112,100.0
MAXssSe,6112,6112,100.0
LogEE_Dt,6112,6112,100.0
SpAbs_Dt,6112,6112,100.0
MAXdSe,6112,6112,100.0
MINssBe,6112,6112,100.0
MAXsSeH,6112,6112,100.0
MAXsssssAs,6112,6112,100.0
MAXsssdAs,6112,6112,100.0
ABC,6112,6112,100.0
MAXsssAs,6112,6112,100.0
MAXsLi,6112,6112,100.0
MAXssAsH,6112,6112,100.0
MINssNH2,6112,6112,100.0
MAXsssssP,6112,6112,100.0
MAXsSnH3,6112,6112,100.0
MAXsssNH,6112,6112,100.0
MAXssNH2,6112,6112,100.0
VR3_Dt,6112,6112,100.0
MAXsNH3,6112,6112,100.0
DetourIndex,6112,6112,100.0
MAXssssBe,6112,6112,100.0
ABCGG,6112,6112,100.0
MAXsPbH3,6112,6112,100.0
MINssssB,6112,6112,100.0
MAXssssB,6112,6112,100.0
MINsssssAs,6112,6112,100.0
MINsSeH,6112,6112,100.0
MINdSe,6112,6112,100.0
MAXssPbH2,6112,6112,100.0
MINssSe,6112,6112,100.0
MINaaSe,6112,6112,100.0
MINdssSe,6112,6112,100.0
MINddssSe,6112,6112,100.0
SpAD_Dt,6112,6112,100.0
MINsNH3,6112,6112,100.0
MINssBH,6112,6112,100.0
VR2_Dt,6112,6112,100.0
MAXsssP,6112,6112,100.0
MINsGeH3,6112,6112,100.0
MAXssPH,6112,6112,100.0
VE3_Dt,6112,6112,100.0
MAXsPH2,6112,6112,100.0
MINssGeH2,6112,6112,100.0
MINsssGeH,6112,6112,100.0
MINssssGe,6112,6112,100.0
MINsAsH2,6112,6112,100.0
MINssAsH,6112,6112,100.0
VR1_Dt,6112,6112,100.0
MAXssssSi,6112,6112,100.0
MAXsssSiH,6112,6112,100.0
MINsssAs,6112,6112,100.0
MINsssdAs,6112,6112,100.0
MAXssSiH2,6112,6112,100.0
SpDiam_Dt,6112,6112,100.0
SpMax_Dt,6112,6112,100.0
MAXsssB,6111,6112,99.984
MINsSiH3,6111,6112,99.984
MAXsSiH3,6111,6112,99.984
MINsssB,6111,6112,99.984
MAXddC,6111,6112,99.984
MINddC,6111,6112,99.984
MAXdssS,6110,6112,99.967
MINdssS,6110,6112,99.967
MINsSH,6106,6112,99.902
MAXsSH,6106,6112,99.902
MAXsI,6084,6112,99.542
MINsI,6084,6112,99.542
MINdsssP,6082,6112,99.509
MAXdsssP,6082,6112,99.509
MINdNH,6069,6112,99.296
MAXdNH,6069,6112,99.296
MINdS,6067,6112,99.264
MAXdS,6067,6112,99.264
MAXtCH,6063,6112,99.198
MINtCH,6063,6112,99.198
MINssssN,6051,6112,99.002
MAXssssN,6051,6112,99.002
MAXsBr,6016,6112,98.429
MINsBr,6016,6112,98.429
MINddsN,5999,6112,98.151
MAXddsN,5999,6112,98.151
MINtN,5965,6112,97.595
MAXtN,5965,6112,97.595
MAXdCH2,5942,6112,97.219
MINdCH2,5942,6112,97.219
MAXtsC,5898,6112,96.499
MINtsC,5898,6112,96.499
MDEN_11,5880,6112,96.204
MAXaaO,5769,6112,94.388
MINaaO,5769,6112,94.388
MAXddssS,5729,6112,93.734
MINddssS,5729,6112,93.734
MAXaaS,5702,6112,93.292
MINaaS,5702,6112,93.292
MINaaNH,5606,6112,91.721
MAXaaNH,5606,6112,91.721
MAXdsN,5495,6112,89.905
MINdsN,5495,6112,89.905
MDEN_13,5299,6112,86.698
MINaasN,5234,6112,85.635
MAXaasN,5234,6112,85.635
MINsF,5222,6112,85.438
MAXsF,5222,6112,85.438
MDEN_12,5208,6112,85.209
MINaaaC,5181,6112,84.768
MAXaaaC,5181,6112,84.768
MINsCl,5160,6112,84.424
MAXsCl,5160,6112,84.424
MAXssS,5088,6112,83.246
MINssS,5088,6112,83.246
MINsNH2,4997,6112,81.757
MAXsNH2,4997,6112,81.757
MDEC_44,4897,6112,80.121
MDEN_33,4773,6112,78.092
MAXaaN,4680,6112,76.571
MINaaN,4680,6112,76.571
MDEO_22,4491,6112,73.478
MINdsCH,4482,6112,73.331
MAXdsCH,4482,6112,73.331
MDEN_22,4429,6112,72.464
MINssNH,3756,6112,61.453
MAXssNH,3756,6112,61.453
MDEN_23,3687,6112,60.324
MDEC_14,3605,6112,58.982
MDEC_24,3346,6112,54.745
MDEC_34,3345,6112,54.728
MAXssssC,3341,6112,54.663
MINssssC,3341,6112,54.663
MDEO_12,3045,6112,49.82
MAXssO,2847,6112,46.58
MINssO,2847,6112,46.58
MINsssN,2793,6112,45.697
MAXsssN,2793,6112,45.697
MINsOH,2756,6112,45.092
MAXsOH,2756,6112,45.092
MDEC_11,2549,6112,41.705
MDEO_11,2213,6112,36.207
MINdssC,1762,6112,28.829
MAXdssC,1762,6112,28.829
MINdO,1693,6112,27.7
MAXdO,1693,6112,27.7
MINaaCH,1417,6112,23.184
MAXaaCH,1417,6112,23.184
MAXaasC,1356,6112,22.186
MINaasC,1356,6112,22.186
MINsssCH,1236,6112,20.223
MAXsssCH,1236,6112,20.223
MAXsCH3,1208,6112,19.764
MINsCH3,1208,6112,19.764
MDEC_12,1174,6112,19.208
MDEC_13,1166,6112,19.077
MAXssCH2,498,6112,8.148
MINssCH2,498,6112,8.148
MDEC_22,57,6112,0.933
GATS8are,54,6112,0.884
AATS8v,54,6112,0.884
AATSC8pe,54,6112,0.884
AATS8m,54,6112,0.884
AATSC8m,54,6112,0.884
GATS8p,54,6112,0.884
AATSC8p,54,6112,0.884
AATSC8d,54,6112,0.884
AATSC8Z,54,6112,0.884
GATS8se,54,6112,0.884
AATS8s,54,6112,0.884
AATSC8s,54,6112,0.884
GATS8pe,54,6112,0.884
GATS8i,54,6112,0.884
AATS8dv,54,6112,0.884
GATS8v,54,6112,0.884
MATS8are,54,6112,0.884
GATS8c,54,6112,0.884
MATS8i,54,6112,0.884
MATS8d,54,6112,0.884
MATS8p,54,6112,0.884
AATSC8se,54,6112,0.884
MATS8s,54,6112,0.884
AATSC8are,54,6112,0.884
AATS8i,54,6112,0.884
MATS8Z,54,6112,0.884
MATS8pe,54,6112,0.884
MATS8m,54,6112,0.884
MATS8se,54,6112,0.884
AATS8Z,54,6112,0.884
MATS8v,54,6112,0.884
AATSC8dv,54,6112,0.884
MATS8dv,54,6112,0.884
GATS8dv,54,6112,0.884
GATS8s,54,6112,0.884
GATS8m,54,6112,0.884
AATS8se,54,6112,0.884
GATS8Z,54,6112,0.884
AATS8pe,54,6112,0.884
AATS8d,54,6112,0.884
AATS8p,54,6112,0.884
AATSC8c,54,6112,0.884
AATSC8v,54,6112,0.884
AATSC8i,54,6112,0.884
AATS8are,54,6112,0.884
MATS8c,54,6112,0.884
GATS8d,54,6112,0.884
MDEC_33,32,6112,0.524
Vabc,28,6112,0.458
MDEC_23,21,6112,0.344
AATSC7are,15,6112,0.245
MATS7v,15,6112,0.245
AATSC7p,15,6112,0.245
AATSC7i,15,6112,0.245
GATS7i,15,6112,0.245
GATS7p,15,6112,0.245
GATS7are,15,6112,0.245
GATS7pe,15,6112,0.245
GATS7se,15,6112,0.245
GATS7v,15,6112,0.245
GATS7m,15,6112,0.245
GATS7Z,15,6112,0.245
GATS7d,15,6112,0.245
GATS7dv,15,6112,0.245
GATS7c,15,6112,0.245
MATS7i,15,6112,0.245
MATS7p,15,6112,0.245
MATS7are,15,6112,0.245
MATS7pe,15,6112,0.245
MATS7se,15,6112,0.245
MATS7Z,15,6112,0.245
MATS7s,15,6112,0.245
MATS7d,15,6112,0.245
MATS7dv,15,6112,0.245
MATS7c,15,6112,0.245
GATS7s,15,6112,0.245
MATS7m,15,6112,0.245
AATSC7pe,15,6112,0.245
AATSC7d,15,6112,0.245
AATS7s,15,6112,0.245
AATS7d,15,6112,0.245
AATS7Z,15,6112,0.245
AATS7dv,15,6112,0.245
AATS7m,15,6112,0.245
AATS7v,15,6112,0.245
AATS7se,15,6112,0.245
AATS7are,15,6112,0.245
AATS7p,15,6112,0.245
AATS7i,15,6112,0.245
AATSC7c,15,6112,0.245
AATSC7dv,15,6112,0.245
AATS7pe,15,6112,0.245
AATSC7s,15,6112,0.245
AATSC7m,15,6112,0.245
AATSC7se,15,6112,0.245
AATSC7Z,15,6112,0.245
AATSC7v,15,6112,0.245
AATSC6d,7,6112,0.115
AATS6p,7,6112,0.115
AATSC6s,7,6112,0.115
GATS6m,7,6112,0.115
AATS6pe,7,6112,0.115
GATS6Z,7,6112,0.115
AATS6are,7,6112,0.115
MATS6s,7,6112,0.115
GATS6s,7,6112,0.115
GATS6d,7,6112,0.115
MATS6Z,7,6112,0.115
AATSC6p,7,6112,0.115
AATS6se,7,6112,0.115
GATS6dv,7,6112,0.115
AATS6i,7,6112,0.115
AATSC6Z,7,6112,0.115
GATS6c,7,6112,0.115
MATS6i,7,6112,0.115
MATS6p,7,6112,0.115
MATS6are,7,6112,0.115
MATS6m,7,6112,0.115
MATS6pe,7,6112,0.115
AATSC6m,7,6112,0.115
MATS6se,7,6112,0.115
MATS6d,7,6112,0.115
MATS6v,7,6112,0.115
AATSC6dv,7,6112,0.115
AATSC6i,7,6112,0.115
AATSC6c,7,6112,0.115
AATS6s,7,6112,0.115
AATSC6pe,7,6112,0.115
AATS6d,7,6112,0.115
AATS6Z,7,6112,0.115
AATSC6se,7,6112,0.115
MATS6c,7,6112,0.115
AATS6dv,7,6112,0.115
AATS6m,7,6112,0.115
AATSC6v,7,6112,0.115
AATSC6are,7,6112,0.115
GATS6i,7,6112,0.115
GATS6p,7,6112,0.115
MATS6dv,7,6112,0.115
AATS6v,7,6112,0.115
GATS6are,7,6112,0.115
GATS6pe,7,6112,0.115
GATS6se,7,6112,0.115
GATS6v,7,6112,0.115
AXp_7dv,3,6112,0.049
AXp_6dv,3,6112,0.049
AXp_6d,3,6112,0.049
AXp_7d,3,6112,0.049
SaaN,0,6112,0.0
n10FaRing,0,6112,0.0
n5FAHRing,0,6112,0.0
n4FAHRing,0,6112,0.0
nFAHRing,0,6112,0.0
nG12FARing,0,6112,0.0
n12FARing,0,6112,0.0
n11FARing,0,6112,0.0
n10FARing,0,6112,0.0
n9FARing,0,6112,0.0
n8FARing,0,6112,0.0
n7FARing,0,6112,0.0
n6FARing,0,6112,0.0
n5FARing,0,6112,0.0
n4FARing,0,6112,0.0
nFARing,0,6112,0.0
nG12FaHRing,0,6112,0.0
n12FaHRing,0,6112,0.0
n11FaHRing,0,6112,0.0
n10FaHRing,0,6112,0.0
n9FaHRing,0,6112,0.0
n8FaHRing,0,6112,0.0
n7FaHRing,0,6112,0.0
n6FaHRing,0,6112,0.0
n5FaHRing,0,6112,0.0
n4FaHRing,0,6112,0.0
nFaHRing,0,6112,0.0
nG12FaRing,0,6112,0.0
n12FaRing,0,6112,0.0
n6FAHRing,0,6112,0.0
n7FAHRing,0,6112,0.0
n8FAHRing,0,6112,0.0
GGI3,0,6112,0.0
JGI2,0,6112,0.0
NsssPbH,0,6112,0.0
NssPbH2,0,6112,0.0
JGI1,0,6112,0.0
GGI10,0,6112,0.0
GGI9,0,6112,0.0
GGI8,0,6112,0.0
GGI7,0,6112,0.0
GGI6,0,6112,0.0
NsPbH3,0,6112,0.0
GGI5,0,6112,0.0
GGI4,0,6112,0.0
GGI2,0,6112,0.0
n9FAHRing,0,6112,0.0
GGI1,0,6112,0.0
TopoPSA,0,6112,0.0
TopoPSA_NO_,0,6112,0.0
NsI,0,6112,0.0
SMR,0,6112,0.0
SLogP,0,6112,0.0
RotRatio,0,6112,0.0
nRot,0,6112,0.0
nG12FAHRing,0,6112,0.0
n12FAHRing,0,6112,0.0
n11FAHRing,0,6112,0.0
n10FAHRing,0,6112,0.0
n11FaRing,0,6112,0.0
n9FaRing,0,6112,0.0
SsssN,0,6112,0.0
n8FaRing,0,6112,0.0
n11AHRing,0,6112,0.0
n10AHRing,0,6112,0.0
n9AHRing,0,6112,0.0
n8AHRing,0,6112,0.0
n7AHRing,0,6112,0.0
n6AHRing,0,6112,0.0
n5AHRing,0,6112,0.0
n4AHRing,0,6112,0.0
n3AHRing,0,6112,0.0
NsssSnH,0,6112,0.0
NssSnH2,0,6112,0.0
NsSnH3,0,6112,0.0
NsBr,0,6112,0.0
nAHRing,0,6112,0.0
nG12ARing,0,6112,0.0
n12ARing,0,6112,0.0
n11ARing,0,6112,0.0
NddssSe,0,6112,0.0
NdssSe,0,6112,0.0
n10ARing,0,6112,0.0
n9ARing,0,6112,0.0
NaaSe,0,6112,0.0
NssSe,0,6112,0.0
n8ARing,0,6112,0.0
n7ARing,0,6112,0.0
NdSe,0,6112,0.0
NsSeH,0,6112,0.0
n12AHRing,0,6112,0.0
nG12AHRing,0,6112,0.0
NssssSn,0,6112,0.0
n6FHRing,0,6112,0.0
n7FaRing,0,6112,0.0
n6FaRing,0,6112,0.0
n5FaRing,0,6112,0.0
n4FaRing,0,6112,0.0
nFaRing,0,6112,0.0
nG12FHRing,0,6112,0.0
n12FHRing,0,6112,0.0
n11FHRing,0,6112,0.0
n10FHRing,0,6112,0.0
n9FHRing,0,6112,0.0
n8FHRing,0,6112,0.0
n7FHRing,0,6112,0.0
n5FHRing,0,6112,0.0
nFRing,0,6112,0.0
n4FHRing,0,6112,0.0
nFHRing,0,6112,0.0
nG12FRing,0,6112,0.0
n12FRing,0,6112,0.0
n11FRing,0,6112,0.0
n10FRing,0,6112,0.0
n9FRing,0,6112,0.0
n8FRing,0,6112,0.0
n7FRing,0,6112,0.0
n6FRing,0,6112,0.0
n5FRing,0,6112,0.0
n4FRing,0,6112,0.0
JGI3,0,6112,0.0
JGI4,0,6112,0.0
JGI5,0,6112,0.0
JGI6,0,6112,0.0
Zagreb2,0,6112,0.0
Zagreb1,0,6112,0.0
WPol,0,6112,0.0
WPath,0,6112,0.0
SssNH,0,6112,0.0
AMW,0,6112,0.0
MW,0,6112,0.0
TSRW10,0,6112,0.0
SRW10,0,6112,0.0
SRW09,0,6112,0.0
SRW08,0,6112,0.0
SRW07,0,6112,0.0
SdNH,0,6112,0.0
SRW06,0,6112,0.0
SRW05,0,6112,0.0
SssGeH2,0,6112,0.0
SsssGeH,0,6112,0.0
SssssGe,0,6112,0.0
SsAsH2,0,6112,0.0
SssAsH,0,6112,0.0
SssNH2,0,6112,0.0
SsssAs,0,6112,0.0
SsssdAs,0,6112,0.0
SsssssAs,0,6112,0.0
SsSeH,0,6112,0.0
SsNH2,0,6112,0.0
SsNH3,0,6112,0.0
mZagreb1,0,6112,0.0
SsGeH3,0,6112,0.0
SsCl,0,6112,0.0
SsssSiH,0,6112,0.0
SddsN,0,6112,0.0
SaasN,0,6112,0.0
SdsN,0,6112,0.0
SssssN,0,6112,0.0
SsOH,0,6112,0.0
SdO,0,6112,0.0
SssO,0,6112,0.0
SaaO,0,6112,0.0
SsF,0,6112,0.0
SsSiH3,0,6112,0.0
SsssNH,0,6112,0.0
SssSiH2,0,6112,0.0
SssssSi,0,6112,0.0
SaaNH,0,6112,0.0
SsPH2,0,6112,0.0
SssPH,0,6112,0.0
SsssP,0,6112,0.0
SdsssP,0,6112,0.0
StN,0,6112,0.0
SsssssP,0,6112,0.0
SsSH,0,6112,0.0
SdS,0,6112,0.0
SssS,0,6112,0.0
SaaS,0,6112,0.0
SdssS,0,6112,0.0
SddssS,0,6112,0.0
SdSe,0,6112,0.0
SssssC,0,6112,0.0
SssSe,0,6112,0.0
MWC01,0,6112,0.0
SsCH3,0,6112,0.0
SssssB,0,6112,0.0
SsssB,0,6112,0.0
SssBH,0,6112,0.0
MWC08,0,6112,0.0
MWC07,0,6112,0.0
MWC06,0,6112,0.0
SssssBe,0,6112,0.0
MWC05,0,6112,0.0
MWC04,0,6112,0.0
MWC03,0,6112,0.0
MWC02,0,6112,0.0
VAdjMat,0,6112,0.0
MWC09,0,6112,0.0
PetitjeanIndex,0,6112,0.0
SssBe,0,6112,0.0
TopoShapeIndex,0,6112,0.0
Radius,0,6112,0.0
Diameter,0,6112,0.0
JGT10,0,6112,0.0
JGI10,0,6112,0.0
JGI9,0,6112,0.0
JGI8,0,6112,0.0
SsLi,0,6112,0.0
JGI7,0,6112,0.0
NssssPb,0,6112,0.0
SdCH2,0,6112,0.0
MWC10,0,6112,0.0
SaaSe,0,6112,0.0
SsssCH,0,6112,0.0
SdssSe,0,6112,0.0
SddssSe,0,6112,0.0
SsBr,0,6112,0.0
SaaaC,0,6112,0.0
SaasC,0,6112,0.0
SdssC,0,6112,0.0
SsSnH3,0,6112,0.0
StsC,0,6112,0.0
SddC,0,6112,0.0
SssSnH2,0,6112,0.0
SsssSnH,0,6112,0.0
SssssSn,0,6112,0.0
SaaCH,0,6112,0.0
TMWC10,0,6112,0.0
SdsCH,0,6112,0.0
SsI,0,6112,0.0
SsPbH3,0,6112,0.0
SssPbH2,0,6112,0.0
SsssPbH,0,6112,0.0
SssssPb,0,6112,0.0
SRW04,0,6112,0.0
StCH,0,6112,0.0
n5ARing,0,6112,0.0
SssCH2,0,6112,0.0
SRW03,0,6112,0.0
SRW02,0,6112,0.0
n6ARing,0,6112,0.0
ETA_beta_ns,0,6112,0.0
n4ARing,0,6112,0.0
MPC9,0,6112,0.0
TpiPC10,0,6112,0.0
piPC10,0,6112,0.0
piPC9,0,6112,0.0
piPC8,0,6112,0.0
piPC7,0,6112,0.0
piPC6,0,6112,0.0
piPC5,0,6112,0.0
piPC4,0,6112,0.0
piPC3,0,6112,0.0
piPC2,0,6112,0.0
piPC1,0,6112,0.0
TMPC10,0,6112,0.0
MPC10,0,6112,0.0
MPC8,0,6112,0.0
AMID_N,0,6112,0.0
MPC7,0,6112,0.0
MPC6,0,6112,0.0
MPC5,0,6112,0.0
MPC4,0,6112,0.0
MPC3,0,6112,0.0
MPC2,0,6112,0.0
PBF,0,6112,0.0
MOMI_Z,0,6112,0.0
MOMI_Y,0,6112,0.0
MOMI_X,0,6112,0.0
AMID_X,0,6112,0.0
MID_X,0,6112,0.0
AMID_O,0,6112,0.0
apol,0,6112,0.0
bpol,0,6112,0.0
nRing,0,6112,0.0
n3Ring,0,6112,0.0
GhoseFilter,0,6112,0.0
FilterItLogS,0,6112,0.0
VMcGowan,0,6112,0.0
n3aRing,0,6112,0.0
naRing,0,6112,0.0
nG12HRing,0,6112,0.0
n12HRing,0,6112,0.0
n11HRing,0,6112,0.0
n10HRing,0,6112,0.0
n9HRing,0,6112,0.0
n8HRing,0,6112,0.0
n7HRing,0,6112,0.0
n6HRing,0,6112,0.0
n5HRing,0,6112,0.0
n4HRing,0,6112,0.0
n3HRing,0,6112,0.0
nHRing,0,6112,0.0
nG12Ring,0,6112,0.0
n12Ring,0,6112,0.0
n11Ring,0,6112,0.0
n10Ring,0,6112,0.0
n9Ring,0,6112,0.0
n8Ring,0,6112,0.0
n7Ring,0,6112,0.0
n6Ring,0,6112,0.0
n5Ring,0,6112,0.0
n4Ring,0,6112,0.0
MID_O,0,6112,0.0
MID_N,0,6112,0.0
n5aRing,0,6112,0.0
SMR_VSA1,0,6112,0.0
SlogP_VSA5,0,6112,0.0
SlogP_VSA4,0,6112,0.0
SlogP_VSA3,0,6112,0.0
SlogP_VSA2,0,6112,0.0
SlogP_VSA1,0,6112,0.0
SMR_VSA9,0,6112,0.0
SMR_VSA8,0,6112,0.0
SMR_VSA7,0,6112,0.0
SMR_VSA6,0,6112,0.0
SMR_VSA5,0,6112,0.0
SMR_VSA4,0,6112,0.0
SMR_VSA3,0,6112,0.0
SMR_VSA2,0,6112,0.0
PEOE_VSA13,0,6112,0.0
AMID_C,0,6112,0.0
PEOE_VSA12,0,6112,0.0
PEOE_VSA11,0,6112,0.0
PEOE_VSA10,0,6112,0.0
PEOE_VSA9,0,6112,0.0
PEOE_VSA8,0,6112,0.0
PEOE_VSA7,0,6112,0.0
PEOE_VSA6,0,6112,0.0
PEOE_VSA5,0,6112,0.0
PEOE_VSA4,0,6112,0.0
PEOE_VSA3,0,6112,0.0
PEOE_VSA2,0,6112,0.0
PEOE_VSA1,0,6112,0.0
LabuteASA,0,6112,0.0
SlogP_VSA6,0,6112,0.0
SlogP_VSA7,0,6112,0.0
SlogP_VSA8,0,6112,0.0
SlogP_VSA9,0,6112,0.0
MID_C,0,6112,0.0
AMID_h,0,6112,0.0
MID_h,0,6112,0.0
AMID,0,6112,0.0
MID,0,6112,0.0
VSA_EState9,0,6112,0.0
VSA_EState8,0,6112,0.0
VSA_EState7,0,6112,0.0
VSA_EState6,0,6112,0.0
VSA_EState5,0,6112,0.0
VSA_EState4,0,6112,0.0
VSA_EState3,0,6112,0.0
VSA_EState2,0,6112,0.0
VSA_EState1,0,6112,0.0
EState_VSA10,0,6112,0.0
EState_VSA9,0,6112,0.0
EState_VSA8,0,6112,0.0
NsssdAs,0,6112,0.0
EState_VSA7,0,6112,0.0
EState_VSA6,0,6112,0.0
EState_VSA5,0,6112,0.0
EState_VSA4,0,6112,0.0
EState_VSA3,0,6112,0.0
EState_VSA2,0,6112,0.0
EState_VSA1,0,6112,0.0
SlogP_VSA11,0,6112,0.0
SlogP_VSA10,0,6112,0.0
n4aRing,0,6112,0.0
Lipinski,0,6112,0.0
n3ARing,0,6112,0.0
ETA_epsilon_1,0,6112,0.0
AETA_eta_R,0,6112,0.0
ETA_eta_RL,0,6112,0.0
AETA_eta_RL,0,6112,0.0
ETA_eta_F,0,6112,0.0
AETA_eta_F,0,6112,0.0
ETA_eta_FL,0,6112,0.0
AETA_eta_FL,0,6112,0.0
ETA_eta_B,0,6112,0.0
AETA_eta_B,0,6112,0.0
ETA_eta_BR,0,6112,0.0
AETA_eta_BR,0,6112,0.0
ETA_dAlpha_A,0,6112,0.0
ETA_dAlpha_B,0,6112,0.0
ETA_epsilon_2,0,6112,0.0
GeomDiameter,0,6112,0.0
ETA_epsilon_3,0,6112,0.0
ETA_epsilon_4,0,6112,0.0
ETA_epsilon_5,0,6112,0.0
ETA_dEpsilon_A,0,6112,0.0
ETA_dEpsilon_B,0,6112,0.0
ETA_dEpsilon_C,0,6112,0.0
ETA_dEpsilon_D,0,6112,0.0
ETA_dBeta,0,6112,0.0
AETA_dBeta,0,6112,0.0
ETA_psi_1,0,6112,0.0
ETA_dPsi_A,0,6112,0.0
ETA_dPsi_B,0,6112,0.0
fragCpx,0,6112,0.0
ETA_eta_R,0,6112,0.0
AETA_eta_L,0,6112,0.0
ETA_eta_L,0,6112,0.0
AETA_eta,0,6112,0.0
nARing,0,6112,0.0
nG12aHRing,0,6112,0.0
n12aHRing,0,6112,0.0
n11aHRing,0,6112,0.0
n10aHRing,0,6112,0.0
n9aHRing,0,6112,0.0
n8aHRing,0,6112,0.0
n7aHRing,0,6112,0.0
n6aHRing,0,6112,0.0
n5aHRing,0,6112,0.0
n4aHRing,0,6112,0.0
n3aHRing,0,6112,0.0
naHRing,0,6112,0.0
ECIndex,0,6112,0.0
ETA_alpha,0,6112,0.0
AETA_alpha,0,6112,0.0
ETA_shape_p,0,6112,0.0
ETA_shape_y,0,6112,0.0
ETA_shape_x,0,6112,0.0
ETA_beta,0,6112,0.0
AETA_beta,0,6112,0.0
ETA_beta_s,0,6112,0.0
AETA_beta_s,0,6112,0.0
AETA_beta_ns,0,6112,0.0
ETA_beta_ns_d,0,6112,0.0
AETA_beta_ns_d,0,6112,0.0
ETA_eta,0,6112,0.0
fMF,0,6112,0.0
GeomRadius,0,6112,0.0
Kier3,0,6112,0.0
MIC2,0,6112,0.0
BIC4,0,6112,0.0
BIC5,0,6112,0.0
CIC0,0,6112,0.0
CIC1,0,6112,0.0
n11aRing,0,6112,0.0
n10aRing,0,6112,0.0
CIC2,0,6112,0.0
CIC3,0,6112,0.0
CIC4,0,6112,0.0
CIC5,0,6112,0.0
MIC0,0,6112,0.0
n9aRing,0,6112,0.0
MIC1,0,6112,0.0
MIC3,0,6112,0.0
GeomShapeIndex,0,6112,0.0
MIC4,0,6112,0.0
MIC5,0,6112,0.0
n8aRing,0,6112,0.0
ZMIC0,0,6112,0.0
ZMIC1,0,6112,0.0
ZMIC2,0,6112,0.0
ZMIC3,0,6112,0.0
ZMIC4,0,6112,0.0
n7aRing,0,6112,0.0
n6aRing,0,6112,0.0
ZMIC5,0,6112,0.0
Kier1,0,6112,0.0
Kier2,0,6112,0.0
BIC3,0,6112,0.0
n12aRing,0,6112,0.0
nG12aRing,0,6112,0.0
BIC2,0,6112,0.0
GeomPetitjeanIndex,0,6112,0.0
GRAV,0,6112,0.0
GRAVH,0,6112,0.0
GRAVp,0,6112,0.0
GRAVHp,0,6112,0.0
nHBAcc,0,6112,0.0
nHBDon,0,6112,0.0
IC0,0,6112,0.0
IC1,0,6112,0.0
IC2,0,6112,0.0
IC3,0,6112,0.0
IC4,0,6112,0.0
IC5,0,6112,0.0
TIC0,0,6112,0.0
TIC1,0,6112,0.0
TIC2,0,6112,0.0
TIC3,0,6112,0.0
TIC4,0,6112,0.0
TIC5,0,6112,0.0
SIC0,0,6112,0.0
SIC1,0,6112,0.0
SIC2,0,6112,0.0
SIC3,0,6112,0.0
SIC4,0,6112,0.0
SIC5,0,6112,0.0
BIC0,0,6112,0.0
BIC1,0,6112,0.0
NsssssAs,0,6112,0.0
Unnamed_0,0,6112,0.0
NsssAs,0,6112,0.0
MATS2se,0,6112,0.0
ATSC3are,0,6112,0.0
ATSC2are,0,6112,0.0
ATSC1are,0,6112,0.0
ATSC0are,0,6112,0.0
ATSC8pe,0,6112,0.0
ATSC7pe,0,6112,0.0
ATSC6pe,0,6112,0.0
ATSC5pe,0,6112,0.0
ATSC4pe,0,6112,0.0
ATSC3pe,0,6112,0.0
ATSC2pe,0,6112,0.0
ATSC1pe,0,6112,0.0
ATSC0pe,0,6112,0.0
ATSC8se,0,6112,0.0
ATSC7se,0,6112,0.0
ATSC6se,0,6112,0.0
ATSC5se,0,6112,0.0
ATSC4se,0,6112,0.0
ATSC3se,0,6112,0.0
ATSC2se,0,6112,0.0
ATSC1se,0,6112,0.0
ATSC0se,0,6112,0.0
ATSC8v,0,6112,0.0
ATSC4are,0,6112,0.0
ATSC5are,0,6112,0.0
ATSC6are,0,6112,0.0
ATSC1i,0,6112,0.0
AATSC2c,0,6112,0.0
AATSC1c,0,6112,0.0
AATSC0c,0,6112,0.0
ATSC8i,0,6112,0.0
ATSC7i,0,6112,0.0
ATSC6i,0,6112,0.0
ATSC5i,0,6112,0.0
ATSC4i,0,6112,0.0
ATSC3i,0,6112,0.0
ATSC2i,0,6112,0.0
ATSC0i,0,6112,0.0
ATSC7are,0,6112,0.0
ATSC8p,0,6112,0.0
ATSC7p,0,6112,0.0
ATSC6p,0,6112,0.0
ATSC5p,0,6112,0.0
ATSC4p,0,6112,0.0
ATSC3p,0,6112,0.0
ATSC2p,0,6112,0.0
ATSC1p,0,6112,0.0
ATSC0p,0,6112,0.0
ATSC8are,0,6112,0.0
ATSC7v,0,6112,0.0
ATSC6v,0,6112,0.0
ATSC5v,0,6112,0.0
ATSC3d,0,6112,0.0
ATSC4s,0,6112,0.0
ATSC3s,0,6112,0.0
ATSC2s,0,6112,0.0
ATSC1s,0,6112,0.0
ATSC0s,0,6112,0.0
ATSC8d,0,6112,0.0
ATSC7d,0,6112,0.0
ATSC6d,0,6112,0.0
ATSC5d,0,6112,0.0
ATSC4d,0,6112,0.0
ATSC2d,0,6112,0.0
ATSC6s,0,6112,0.0
ATSC1d,0,6112,0.0
ATSC0d,0,6112,0.0
ATSC8dv,0,6112,0.0
ATSC7dv,0,6112,0.0
ATSC6dv,0,6112,0.0
ATSC5dv,0,6112,0.0
ATSC4dv,0,6112,0.0
ATSC3dv,0,6112,0.0
ATSC2dv,0,6112,0.0
ATSC1dv,0,6112,0.0
ATSC5s,0,6112,0.0
ATSC7s,0,6112,0.0
ATSC4v,0,6112,0.0
ATSC2m,0,6112,0.0
ATSC3v,0,6112,0.0
ATSC2v,0,6112,0.0
ATSC1v,0,6112,0.0
ATSC0v,0,6112,0.0
ATSC8m,0,6112,0.0
ATSC7m,0,6112,0.0
ATSC6m,0,6112,0.0
ATSC5m,0,6112,0.0
ATSC4m,0,6112,0.0
ATSC3m,0,6112,0.0
ATSC1m,0,6112,0.0
ATSC8s,0,6112,0.0
ATSC0m,0,6112,0.0
ATSC8Z,0,6112,0.0
ATSC7Z,0,6112,0.0
ATSC6Z,0,6112,0.0
ATSC5Z,0,6112,0.0
ATSC4Z,0,6112,0.0
ATSC3Z,0,6112,0.0
ATSC2Z,0,6112,0.0
ATSC1Z,0,6112,0.0
ATSC0Z,0,6112,0.0
AATSC3c,0,6112,0.0
AATSC4c,0,6112,0.0
AATSC5c,0,6112,0.0
AATSC4i,0,6112,0.0
MATS4dv,0,6112,0.0
MATS3dv,0,6112,0.0
MATS2dv,0,6112,0.0
MATS1dv,0,6112,0.0
MATS5c,0,6112,0.0
MATS4c,0,6112,0.0
MATS3c,0,6112,0.0
MATS2c,0,6112,0.0
MATS1c,0,6112,0.0
AATSC5i,0,6112,0.0
AATSC3i,0,6112,0.0
MATS1d,0,6112,0.0
AATSC2i,0,6112,0.0
AATSC1i,0,6112,0.0
AATSC0i,0,6112,0.0
AATSC5p,0,6112,0.0
AATSC4p,0,6112,0.0
AATSC3p,0,6112,0.0
AATSC2p,0,6112,0.0
AATSC1p,0,6112,0.0
AATSC0p,0,6112,0.0
AATSC5are,0,6112,0.0
MATS5dv,0,6112,0.0
MATS2d,0,6112,0.0
AATSC3are,0,6112,0.0
MATS5Z,0,6112,0.0
MATS5v,0,6112,0.0
MATS4v,0,6112,0.0
MATS3v,0,6112,0.0
MATS2v,0,6112,0.0
MATS1v,0,6112,0.0
MATS5m,0,6112,0.0
MATS4m,0,6112,0.0
MATS3m,0,6112,0.0
MATS2m,0,6112,0.0
MATS1m,0,6112,0.0
MATS4Z,0,6112,0.0
MATS3d,0,6112,0.0
MATS3Z,0,6112,0.0
MATS2Z,0,6112,0.0
MATS1Z,0,6112,0.0
MATS5s,0,6112,0.0
MATS4s,0,6112,0.0
MATS3s,0,6112,0.0
MATS2s,0,6112,0.0
MATS1s,0,6112,0.0
MATS5d,0,6112,0.0
MATS4d,0,6112,0.0
AATSC4are,0,6112,0.0
AATSC2are,0,6112,0.0
AATSC0dv,0,6112,0.0
AATSC0s,0,6112,0.0
AATSC4Z,0,6112,0.0
AATSC3Z,0,6112,0.0
AATSC2Z,0,6112,0.0
AATSC1Z,0,6112,0.0
AATSC0Z,0,6112,0.0
AATSC5s,0,6112,0.0
AATSC4s,0,6112,0.0
AATSC3s,0,6112,0.0
AATSC2s,0,6112,0.0
AATSC1s,0,6112,0.0
AATSC5d,0,6112,0.0
AATSC0m,0,6112,0.0
AATSC4d,0,6112,0.0
AATSC3d,0,6112,0.0
AATSC2d,0,6112,0.0
AATSC1d,0,6112,0.0
AATSC0d,0,6112,0.0
AATSC5dv,0,6112,0.0
AATSC4dv,0,6112,0.0
AATSC3dv,0,6112,0.0
AATSC2dv,0,6112,0.0
AATSC1dv,0,6112,0.0
AATSC5Z,0,6112,0.0
AATSC1m,0,6112,0.0
AATSC1are,0,6112,0.0
AATSC2se,0,6112,0.0
AATSC0are,0,6112,0.0
AATSC5pe,0,6112,0.0
AATSC4pe,0,6112,0.0
AATSC3pe,0,6112,0.0
AATSC2pe,0,6112,0.0
AATSC1pe,0,6112,0.0
AATSC0pe,0,6112,0.0
AATSC5se,0,6112,0.0
AATSC4se,0,6112,0.0
AATSC3se,0,6112,0.0
AATSC1se,0,6112,0.0
AATSC2m,0,6112,0.0
AATSC0se,0,6112,0.0
AATSC5v,0,6112,0.0
AATSC4v,0,6112,0.0
AATSC3v,0,6112,0.0
AATSC2v,0,6112,0.0
AATSC1v,0,6112,0.0
AATSC0v,0,6112,0.0
AATSC5m,0,6112,0.0
AATSC4m,0,6112,0.0
AATSC3m,0,6112,0.0
ATSC0dv,0,6112,0.0
ATSC8c,0,6112,0.0
ATSC7c,0,6112,0.0
ATS3Z,0,6112,0.0
ATS4m,0,6112,0.0
ATS3m,0,6112,0.0
ATS2m,0,6112,0.0
ATS1m,0,6112,0.0
ATS0m,0,6112,0.0
ATS8Z,0,6112,0.0
ATS7Z,0,6112,0.0
ATS6Z,0,6112,0.0
ATS5Z,0,6112,0.0
ATS4Z,0,6112,0.0
ATS2Z,0,6112,0.0
ATS6m,0,6112,0.0
ATS1Z,0,6112,0.0
ATS0Z,0,6112,0.0
ATS8s,0,6112,0.0
ATS7s,0,6112,0.0
ATS6s,0,6112,0.0
ATS5s,0,6112,0.0
ATS4s,0,6112,0.0
ATS3s,0,6112,0.0
ATS2s,0,6112,0.0
ATS1s,0,6112,0.0
ATS5m,0,6112,0.0
ATS7m,0,6112,0.0
ATS8d,0,6112,0.0
ATS2se,0,6112,0.0
ATS3pe,0,6112,0.0
ATS2pe,0,6112,0.0
ATS1pe,0,6112,0.0
ATS0pe,0,6112,0.0
ATS8se,0,6112,0.0
ATS7se,0,6112,0.0
ATS6se,0,6112,0.0
ATS5se,0,6112,0.0
ATS4se,0,6112,0.0
ATS3se,0,6112,0.0
ATS1se,0,6112,0.0
ATS8m,0,6112,0.0
ATS0se,0,6112,0.0
ATS8v,0,6112,0.0
ATS7v,0,6112,0.0
ATS6v,0,6112,0.0
ATS5v,0,6112,0.0
ATS4v,0,6112,0.0
ATS3v,0,6112,0.0
ATS2v,0,6112,0.0
ATS1v,0,6112,0.0
ATS0v,0,6112,0.0
ATS0s,0,6112,0.0
ATS7d,0,6112,0.0
ATS5pe,0,6112,0.0
VR1_A,0,6112,0.0
nH,0,6112,0.0
nHetero,0,6112,0.0
nBridgehead,0,6112,0.0
nSpiro,0,6112,0.0
nHeavyAtom,0,6112,0.0
nAtom,0,6112,0.0
nAromBond,0,6112,0.0
nAromAtom,0,6112,0.0
VR3_A,0,6112,0.0
VR2_A,0,6112,0.0
VE3_A,0,6112,0.0
nC,0,6112,0.0
VE2_A,0,6112,0.0
VE1_A,0,6112,0.0
LogEE_A,0,6112,0.0
SpMAD_A,0,6112,0.0
SpAD_A,0,6112,0.0
SpDiam_A,0,6112,0.0
SpMax_A,0,6112,0.0
SpAbs_A,0,6112,0.0
nBase,0,6112,0.0
nAcid,0,6112,0.0
nB,0,6112,0.0
nN,0,6112,0.0
ATS6d,0,6112,0.0
ATS4dv,0,6112,0.0
ATS5d,0,6112,0.0
ATS4d,0,6112,0.0
ATS3d,0,6112,0.0
ATS2d,0,6112,0.0
ATS1d,0,6112,0.0
ATS0d,0,6112,0.0
ATS8dv,0,6112,0.0
ATS7dv,0,6112,0.0
ATS6dv,0,6112,0.0
ATS5dv,0,6112,0.0
ATS3dv,0,6112,0.0
nO,0,6112,0.0
ATS2dv,0,6112,0.0
ATS1dv,0,6112,0.0
ATS0dv,0,6112,0.0
nX,0,6112,0.0
nI,0,6112,0.0
nBr,0,6112,0.0
nCl,0,6112,0.0
nF,0,6112,0.0
nP,0,6112,0.0
nS,0,6112,0.0
ATS4pe,0,6112,0.0
ATS6pe,0,6112,0.0
ATSC6c,0,6112,0.0
AATS5v,0,6112,0.0
AATS3pe,0,6112,0.0
AATS2pe,0,6112,0.0
AATS1pe,0,6112,0.0
AATS0pe,0,6112,0.0
AATS5se,0,6112,0.0
AATS4se,0,6112,0.0
AATS3se,0,6112,0.0
AATS2se,0,6112,0.0
AATS1se,0,6112,0.0
AATS0se,0,6112,0.0
AATS4v,0,6112,0.0
AATS5pe,0,6112,0.0
AATS3v,0,6112,0.0
AATS2v,0,6112,0.0
AATS1v,0,6112,0.0
AATS0v,0,6112,0.0
AATS5m,0,6112,0.0
AATS4m,0,6112,0.0
AATS3m,0,6112,0.0
AATS2m,0,6112,0.0
AATS1m,0,6112,0.0
AATS0m,0,6112,0.0
AATS4pe,0,6112,0.0
AATS0are,0,6112,0.0
AATS4Z,0,6112,0.0
AATS1i,0,6112,0.0
ATSC5c,0,6112,0.0
ATSC4c,0,6112,0.0
ATSC3c,0,6112,0.0
ATSC2c,0,6112,0.0
ATSC1c,0,6112,0.0
ATSC0c,0,6112,0.0
AATS5i,0,6112,0.0
AATS4i,0,6112,0.0
AATS3i,0,6112,0.0
AATS2i,0,6112,0.0
AATS0i,0,6112,0.0
AATS1are,0,6112,0.0
AATS5p,0,6112,0.0
AATS4p,0,6112,0.0
AATS3p,0,6112,0.0
AATS2p,0,6112,0.0
AATS1p,0,6112,0.0
AATS0p,0,6112,0.0
AATS5are,0,6112,0.0
AATS4are,0,6112,0.0
AATS3are,0,6112,0.0
AATS2are,0,6112,0.0
AATS5Z,0,6112,0.0
AATS3Z,0,6112,0.0
ATS7pe,0,6112,0.0
ATS1p,0,6112,0.0
ATS2i,0,6112,0.0
ATS1i,0,6112,0.0
ATS0i,0,6112,0.0
ATS8p,0,6112,0.0
ATS7p,0,6112,0.0
ATS6p,0,6112,0.0
ATS5p,0,6112,0.0
ATS4p,0,6112,0.0
ATS3p,0,6112,0.0
ATS2p,0,6112,0.0
ATS0p,0,6112,0.0
ATS4i,0,6112,0.0
ATS8are,0,6112,0.0
ATS7are,0,6112,0.0
ATS6are,0,6112,0.0
ATS5are,0,6112,0.0
ATS4are,0,6112,0.0
ATS3are,0,6112,0.0
ATS2are,0,6112,0.0
ATS1are,0,6112,0.0
ATS0are,0,6112,0.0
ATS8pe,0,6112,0.0
ATS3i,0,6112,0.0
ATS5i,0,6112,0.0
AATS2Z,0,6112,0.0
AATS3d,0,6112,0.0
AATS1Z,0,6112,0.0
AATS0Z,0,6112,0.0
AATS5s,0,6112,0.0
AATS4s,0,6112,0.0
AATS3s,0,6112,0.0
AATS2s,0,6112,0.0
AATS1s,0,6112,0.0
AATS0s,0,6112,0.0
AATS5d,0,6112,0.0
AATS4d,0,6112,0.0
AATS2d,0,6112,0.0
ATS6i,0,6112,0.0
AATS1d,0,6112,0.0
AATS0d,0,6112,0.0
AATS5dv,0,6112,0.0
AATS4dv,0,6112,0.0
AATS3dv,0,6112,0.0
AATS2dv,0,6112,0.0
AATS1dv,0,6112,0.0
AATS0dv,0,6112,0.0
ATS8i,0,6112,0.0
ATS7i,0,6112,0.0
MATS1se,0,6112,0.0
MATS3se,0,6112,0.0
NssAsH,0,6112,0.0
MATS4se,0,6112,0.0
Xch_6dv,0,6112,0.0
Xch_5dv,0,6112,0.0
Xch_4dv,0,6112,0.0
Xch_3dv,0,6112,0.0
Xch_7d,0,6112,0.0
Xch_6d,0,6112,0.0
Xch_5d,0,6112,0.0
Xch_4d,0,6112,0.0
Xch_3d,0,6112,0.0
FCSP3,0,6112,0.0
HybRatio,0,6112,0.0
C4SP3,0,6112,0.0
C3SP3,0,6112,0.0
C2SP3,0,6112,0.0
C1SP3,0,6112,0.0
C3SP2,0,6112,0.0
C2SP2,0,6112,0.0
C1SP2,0,6112,0.0
C2SP1,0,6112,0.0
C1SP1,0,6112,0.0
RPSA,0,6112,0.0
RASA,0,6112,0.0
TPSA,0,6112,0.0
Xch_7dv,0,6112,0.0
Xc_3d,0,6112,0.0
Xc_4d,0,6112,0.0
Xp_0d,0,6112,0.0
AXp_2d,0,6112,0.0
AXp_1d,0,6112,0.0
AXp_0d,0,6112,0.0
Xp_7d,0,6112,0.0
Xp_6d,0,6112,0.0
Xp_5d,0,6112,0.0
Xp_4d,0,6112,0.0
Xp_3d,0,6112,0.0
Xp_2d,0,6112,0.0
Xp_1d,0,6112,0.0
Xpc_6dv,0,6112,0.0
Xc_5d,0,6112,0.0
Xpc_5dv,0,6112,0.0
Xpc_4dv,0,6112,0.0
Xpc_6d,0,6112,0.0
Xpc_5d,0,6112,0.0
Xpc_4d,0,6112,0.0
Xc_6dv,0,6112,0.0
Xc_5dv,0,6112,0.0
Xc_4dv,0,6112,0.0
Xc_3dv,0,6112,0.0
Xc_6d,0,6112,0.0
TASA,0,6112,0.0
RPCS,0,6112,0.0
RNCS,0,6112,0.0
nBondsKD,0,6112,0.0
PPSA5,0,6112,0.0
PPSA4,0,6112,0.0
PPSA3,0,6112,0.0
PPSA2,0,6112,0.0
PPSA1,0,6112,0.0
PNSA5,0,6112,0.0
PNSA4,0,6112,0.0
PNSA3,0,6112,0.0
PNSA2,0,6112,0.0
PNSA1,0,6112,0.0
nBondsKS,0,6112,0.0
DPSA2,0,6112,0.0
nBondsM,0,6112,0.0
nBondsA,0,6112,0.0
nBondsT,0,6112,0.0
nBondsD,0,6112,0.0
nBondsS,0,6112,0.0
nBondsO,0,6112,0.0
nBonds,0,6112,0.0
BertzCT,0,6112,0.0
VR3_Dzi,0,6112,0.0
VR2_Dzi,0,6112,0.0
DPSA1,0,6112,0.0
DPSA3,0,6112,0.0
RPCG,0,6112,0.0
WNSA1,0,6112,0.0
RNCG,0,6112,0.0
WPSA5,0,6112,0.0
WPSA4,0,6112,0.0
WPSA3,0,6112,0.0
WPSA2,0,6112,0.0
WPSA1,0,6112,0.0
WNSA5,0,6112,0.0
WNSA4,0,6112,0.0
WNSA3,0,6112,0.0
WNSA2,0,6112,0.0
FPSA5,0,6112,0.0
DPSA4,0,6112,0.0
FPSA4,0,6112,0.0
FPSA3,0,6112,0.0
FPSA2,0,6112,0.0
FPSA1,0,6112,0.0
FNSA5,0,6112,0.0
FNSA4,0,6112,0.0
FNSA3,0,6112,0.0
FNSA2,0,6112,0.0
FNSA1,0,6112,0.0
DPSA5,0,6112,0.0
AXp_3d,0,6112,0.0
AXp_4d,0,6112,0.0
AXp_5d,0,6112,0.0
NdNH,0,6112,0.0
NssssN,0,6112,0.0
NaasN,0,6112,0.0
NddsN,0,6112,0.0
NsssN,0,6112,0.0
NaaN,0,6112,0.0
NdsN,0,6112,0.0
NsssNH,0,6112,0.0
NtN,0,6112,0.0
NaaNH,0,6112,0.0
NssNH,0,6112,0.0
NssNH2,0,6112,0.0
NdO,0,6112,0.0
NsNH2,0,6112,0.0
NsNH3,0,6112,0.0
NssssC,0,6112,0.0
NaaaC,0,6112,0.0
NaasC,0,6112,0.0
NdssC,0,6112,0.0
NtsC,0,6112,0.0
NddC,0,6112,0.0
NsssCH,0,6112,0.0
NaaCH,0,6112,0.0
NsOH,0,6112,0.0
NssO,0,6112,0.0
NtCH,0,6112,0.0
NdS,0,6112,0.0
NsAsH2,0,6112,0.0
NssssGe,0,6112,0.0
NsssGeH,0,6112,0.0
NssGeH2,0,6112,0.0
NsGeH3,0,6112,0.0
NsCl,0,6112,0.0
NddssS,0,6112,0.0
NdssS,0,6112,0.0
NaaS,0,6112,0.0
NssS,0,6112,0.0
NsSH,0,6112,0.0
NaaO,0,6112,0.0
NsssssP,0,6112,0.0
NdsssP,0,6112,0.0
NsssP,0,6112,0.0
NssPH,0,6112,0.0
NsPH2,0,6112,0.0
NssssSi,0,6112,0.0
NsssSiH,0,6112,0.0
NssSiH2,0,6112,0.0
NsSiH3,0,6112,0.0
NsF,0,6112,0.0
NdsCH,0,6112,0.0
NssCH2,0,6112,0.0
Xp_0dv,0,6112,0.0
AXp_4dv,0,6112,0.0
MZ,0,6112,0.0
Si,0,6112,0.0
Sp,0,6112,0.0
Sare,0,6112,0.0
Spe,0,6112,0.0
Sse,0,6112,0.0
Sv,0,6112,0.0
Sm,0,6112,0.0
SZ,0,6112,0.0
AXp_5dv,0,6112,0.0
AXp_3dv,0,6112,0.0
Mv,0,6112,0.0
AXp_2dv,0,6112,0.0
AXp_1dv,0,6112,0.0
AXp_0dv,0,6112,0.0
Xp_7dv,0,6112,0.0
Xp_6dv,0,6112,0.0
Xp_5dv,0,6112,0.0
Xp_4dv,0,6112,0.0
Xp_3dv,0,6112,0.0
Xp_2dv,0,6112,0.0
Xp_1dv,0,6112,0.0
Mm,0,6112,0.0
Mse,0,6112,0.0
NdCH2,0,6112,0.0
VE3_D,0,6112,0.0
NsCH3,0,6112,0.0
NssssB,0,6112,0.0
NsssB,0,6112,0.0
NssBH,0,6112,0.0
NssssBe,0,6112,0.0
NssBe,0,6112,0.0
NsLi,0,6112,0.0
VR3_D,0,6112,0.0
VR2_D,0,6112,0.0
VR1_D,0,6112,0.0
VE2_D,0,6112,0.0
Mpe,0,6112,0.0
VE1_D,0,6112,0.0
LogEE_D,0,6112,0.0
SpMAD_D,0,6112,0.0
SpAD_D,0,6112,0.0
SpDiam_D,0,6112,0.0
SpMax_D,0,6112,0.0
SpAbs_D,0,6112,0.0
Mi,0,6112,0.0
Mp,0,6112,0.0
Mare,0,6112,0.0
VR1_Dzi,0,6112,0.0
VE3_Dzi,0,6112,0.0
VE2_Dzi,0,6112,0.0
GATS3pe,0,6112,0.0
GATS3p,0,6112,0.0
GATS2p,0,6112,0.0
GATS1p,0,6112,0.0
GATS5are,0,6112,0.0
GATS4are,0,6112,0.0
GATS3are,0,6112,0.0
GATS2are,0,6112,0.0
GATS1are,0,6112,0.0
GATS5pe,0,6112,0.0
GATS4pe,0,6112,0.0
GATS2pe,0,6112,0.0
GATS5p,0,6112,0.0
GATS1pe,0,6112,0.0
GATS5se,0,6112,0.0
GATS4se,0,6112,0.0
GATS3se,0,6112,0.0
GATS2se,0,6112,0.0
GATS1se,0,6112,0.0
GATS5v,0,6112,0.0
GATS4v,0,6112,0.0
GATS3v,0,6112,0.0
GATS2v,0,6112,0.0
GATS4p,0,6112,0.0
GATS1i,0,6112,0.0
GATS5m,0,6112,0.0
BCUTZ_1h,0,6112,0.0
BCUTare_1h,0,6112,0.0
BCUTpe_1l,0,6112,0.0
BCUTpe_1h,0,6112,0.0
BCUTse_1l,0,6112,0.0
BCUTse_1h,0,6112,0.0
BCUTv_1l,0,6112,0.0
BCUTv_1h,0,6112,0.0
BCUTm_1l,0,6112,0.0
BCUTm_1h,0,6112,0.0
BCUTZ_1l,0,6112,0.0
BCUTs_1l,0,6112,0.0
GATS2i,0,6112,0.0
BCUTs_1h,0,6112,0.0
BCUTd_1l,0,6112,0.0
BCUTd_1h,0,6112,0.0
BCUTdv_1l,0,6112,0.0
BCUTdv_1h,0,6112,0.0
BCUTc_1l,0,6112,0.0
BCUTc_1h,0,6112,0.0
GATS5i,0,6112,0.0
GATS4i,0,6112,0.0
GATS3i,0,6112,0.0
GATS1v,0,6112,0.0
GATS4m,0,6112,0.0
BCUTp_1h,0,6112,0.0
MATS1p,0,6112,0.0
GATS1c,0,6112,0.0
MATS5i,0,6112,0.0
MATS4i,0,6112,0.0
MATS3i,0,6112,0.0
MATS2i,0,6112,0.0
MATS1i,0,6112,0.0
MATS5p,0,6112,0.0
MATS4p,0,6112,0.0
MATS3p,0,6112,0.0
MATS2p,0,6112,0.0
MATS5are,0,6112,0.0
GATS3c,0,6112,0.0
MATS4are,0,6112,0.0
MATS3are,0,6112,0.0
MATS2are,0,6112,0.0
MATS1are,0,6112,0.0
MATS5pe,0,6112,0.0
MATS4pe,0,6112,0.0
MATS3pe,0,6112,0.0
MATS2pe,0,6112,0.0
MATS1pe,0,6112,0.0
MATS5se,0,6112,0.0
GATS2c,0,6112,0.0
GATS4c,0,6112,0.0
GATS3m,0,6112,0.0
GATS2s,0,6112,0.0
GATS2m,0,6112,0.0
GATS1m,0,6112,0.0
GATS5Z,0,6112,0.0
GATS4Z,0,6112,0.0
GATS3Z,0,6112,0.0
GATS2Z,0,6112,0.0
GATS1Z,0,6112,0.0
GATS5s,0,6112,0.0
GATS4s,0,6112,0.0
GATS3s,0,6112,0.0
GATS1s,0,6112,0.0
GATS5c,0,6112,0.0
GATS5d,0,6112,0.0
GATS4d,0,6112,0.0
GATS3d,0,6112,0.0
GATS2d,0,6112,0.0
GATS1d,0,6112,0.0
GATS5dv,0,6112,0.0
GATS4dv,0,6112,0.0
GATS3dv,0,6112,0.0
GATS2dv,0,6112,0.0
GATS1dv,0,6112,0.0
BCUTare_1l,0,6112,0.0
BCUTp_1l,0,6112,0.0
VE1_Dzi,0,6112,0.0
VE3_Dzpe,0,6112,0.0
SM1_Dzare,0,6112,0.0
LogEE_Dzare,0,6112,0.0
SpMAD_Dzare,0,6112,0.0
SpAD_Dzare,0,6112,0.0
SpDiam_Dzare,0,6112,0.0
SpMax_Dzare,0,6112,0.0
SpAbs_Dzare,0,6112,0.0
VR3_Dzpe,0,6112,0.0
VR2_Dzpe,0,6112,0.0
VR1_Dzpe,0,6112,0.0
VE2_Dzpe,0,6112,0.0
VE2_Dzare,0,6112,0.0
VE1_Dzpe,0,6112,0.0
SM1_Dzpe,0,6112,0.0
LogEE_Dzpe,0,6112,0.0
SpMAD_Dzpe,0,6112,0.0
SpAD_Dzpe,0,6112,0.0
SpDiam_Dzpe,0,6112,0.0
SpMax_Dzpe,0,6112,0.0
SpAbs_Dzpe,0,6112,0.0
VR3_Dzse,0,6112,0.0
VR2_Dzse,0,6112,0.0
VE1_Dzare,0,6112,0.0
VE3_Dzare,0,6112,0.0
VE3_Dzse,0,6112,0.0
VE3_Dzp,0,6112,0.0
SM1_Dzi,0,6112,0.0
LogEE_Dzi,0,6112,0.0
SpMAD_Dzi,0,6112,0.0
SpAD_Dzi,0,6112,0.0
SpDiam_Dzi,0,6112,0.0
SpMax_Dzi,0,6112,0.0
SpAbs_Dzi,0,6112,0.0
VR3_Dzp,0,6112,0.0
VR2_Dzp,0,6112,0.0
VR1_Dzp,0,6112,0.0
VE2_Dzp,0,6112,0.0
VR1_Dzare,0,6112,0.0
VE1_Dzp,0,6112,0.0
SM1_Dzp,0,6112,0.0
LogEE_Dzp,0,6112,0.0
SpMAD_Dzp,0,6112,0.0
SpAD_Dzp,0,6112,0.0
SpDiam_Dzp,0,6112,0.0
SpMax_Dzp,0,6112,0.0
SpAbs_Dzp,0,6112,0.0
VR3_Dzare,0,6112,0.0
VR2_Dzare,0,6112,0.0
VR1_Dzse,0,6112,0.0
VE2_Dzse,0,6112,0.0
BCUTi_1h,0,6112,0.0
VE3_DzZ,0,6112,0.0
SM1_Dzm,0,6112,0.0
LogEE_Dzm,0,6112,0.0
SpMAD_Dzm,0,6112,0.0
SpAD_Dzm,0,6112,0.0
SpDiam_Dzm,0,6112,0.0
SpMax_Dzm,0,6112,0.0
SpAbs_Dzm,0,6112,0.0
VR3_DzZ,0,6112,0.0
VR2_DzZ,0,6112,0.0
VR1_DzZ,0,6112,0.0
VE2_DzZ,0,6112,0.0
VE2_Dzm,0,6112,0.0
VE1_DzZ,0,6112,0.0
SM1_DzZ,0,6112,0.0
LogEE_DzZ,0,6112,0.0
SpMAD_DzZ,0,6112,0.0
SpAD_DzZ,0,6112,0.0
SpDiam_DzZ,0,6112,0.0
SpMax_DzZ,0,6112,0.0
SpAbs_DzZ,0,6112,0.0
BalabanJ,0,6112,0.0
BCUTi_1l,0,6112,0.0
VE1_Dzm,0,6112,0.0
VE3_Dzm,0,6112,0.0
VE1_Dzse,0,6112,0.0
VE3_Dzv,0,6112,0.0
SM1_Dzse,0,6112,0.0
LogEE_Dzse,0,6112,0.0
SpMAD_Dzse,0,6112,0.0
SpAD_Dzse,0,6112,0.0
SpDiam_Dzse,0,6112,0.0
SpMax_Dzse,0,6112,0.0
SpAbs_Dzse,0,6112,0.0
VR3_Dzv,0,6112,0.0
VR2_Dzv,0,6112,0.0
VR1_Dzv,0,6112,0.0
VE2_Dzv,0,6112,0.0
VR1_Dzm,0,6112,0.0
VE1_Dzv,0,6112,0.0
SM1_Dzv,0,6112,0.0
LogEE_Dzv,0,6112,0.0
SpMAD_Dzv,0,6112,0.0
SpAD_Dzv,0,6112,0.0
SpDiam_Dzv,0,6112,0.0
SpMax_Dzv,0,6112,0.0
SpAbs_Dzv,0,6112,0.0
VR3_Dzm,0,6112,0.0
VR2_Dzm,0,6112,0.0
mZagreb2,0,6112,0.0
